Closure,1,normal,/tmp/patchbackup/Closure-1patch
Closure,101,normal,/tmp/patchbackup/Closure-101patch
Closure,104,normal,/tmp/patchbackup/Closure-104patch
Closure,106,normal,/tmp/patchbackup/Closure-106patch
Closure,108,normal,/tmp/patchbackup/Closure-108patch
Closure,11,normal,/tmp/patchbackup/Closure-11patch
Closure,111,normal,/tmp/patchbackup/Closure-111patch
Closure,114,normal,/tmp/patchbackup/Closure-114patch
Closure,116,normal,/tmp/patchbackup/Closure-116patch
Closure,124,normal,/tmp/patchbackup/Closure-124patch
Closure,125,normal,/tmp/patchbackup/Closure-125patch
Closure,126,normal,/tmp/patchbackup/Closure-126patch
Closure,127,normal,/tmp/patchbackup/Closure-127patch
Closure,129,normal,/tmp/patchbackup/Closure-129patch
Closure,14,normal,/tmp/patchbackup/Closure-14patch
Closure,15,normal,/tmp/patchbackup/Closure-15patch
Closure,19,normal,/tmp/patchbackup/Closure-19patch
Closure,20,normal,/tmp/patchbackup/Closure-20patch
Closure,26,normal,/tmp/patchbackup/Closure-26patch
Closure,27,normal,/tmp/patchbackup/Closure-27patch
Closure,29,normal,/tmp/patchbackup/Closure-29patch
Closure,3,normal,/tmp/patchbackup/Closure-3patch
Closure,33,normal,/tmp/patchbackup/Closure-33patch
Closure,37,normal,/tmp/patchbackup/Closure-37patch
Closure,42,normal,/tmp/patchbackup/Closure-42patch
Closure,44,normal,/tmp/patchbackup/Closure-44patch
Closure,47,normal,/tmp/patchbackup/Closure-47patch
Closure,48,normal,/tmp/patchbackup/Closure-48patch
Closure,58,normal,/tmp/patchbackup/Closure-58patch
Closure,61,normal,/tmp/patchbackup/Closure-61patch
Closure,62,normal,/tmp/patchbackup/Closure-62patch
Closure,63,normal,/tmp/patchbackup/Closure-63patch
Closure,64,normal,/tmp/patchbackup/Closure-64patch
Closure,65,normal,/tmp/patchbackup/Closure-65patch
Closure,66,normal,/tmp/patchbackup/Closure-66patch
Closure,68,normal,/tmp/patchbackup/Closure-68patch
Closure,7,normal,/tmp/patchbackup/Closure-7patch
Closure,71,normal,/tmp/patchbackup/Closure-71patch
Closure,77,normal,/tmp/patchbackup/Closure-77patch
Closure,80,normal,/tmp/patchbackup/Closure-80patch
Closure,83,normal,/tmp/patchbackup/Closure-83patch
Closure,86,normal,/tmp/patchbackup/Closure-86patch
Closure,91,normal,/tmp/patchbackup/Closure-91patch
Closure,94,normal,/tmp/patchbackup/Closure-94patch
Closure,97,normal,/tmp/patchbackup/Closure-97patch
Lang,10,normal,/tmp/patchbackup/Lang-10patch
Lang,11,normal,/tmp/patchbackup/Lang-11patch
Lang,13,normal,/tmp/patchbackup/Lang-13patch
Lang,16,normal,/tmp/patchbackup/Lang-16patch
Lang,18,normal,/tmp/patchbackup/Lang-18patch
Lang,24,normal,/tmp/patchbackup/Lang-24patch
Lang,28,normal,/tmp/patchbackup/Lang-28patch
Lang,33,normal,/tmp/patchbackup/Lang-33patch
Lang,36,normal,/tmp/patchbackup/Lang-36patch
Lang,39,normal,/tmp/patchbackup/Lang-39patch
Lang,4,normal,/tmp/patchbackup/Lang-4patch
Lang,43,normal,/tmp/patchbackup/Lang-43patch
Lang,44,normal,/tmp/patchbackup/Lang-44patch
Lang,45,normal,/tmp/patchbackup/Lang-45patch
Lang,48,normal,/tmp/patchbackup/Lang-48patch
Lang,50,normal,/tmp/patchbackup/Lang-50patch
Lang,52,normal,/tmp/patchbackup/Lang-52patch
Lang,55,normal,/tmp/patchbackup/Lang-55patch
Lang,56,normal,/tmp/patchbackup/Lang-56patch
Lang,58,normal,/tmp/patchbackup/Lang-58patch
Lang,60,normal,/tmp/patchbackup/Lang-60patch
Lang,62,normal,/tmp/patchbackup/Lang-62patch
Lang,9,normal,/tmp/patchbackup/Lang-9patch
Math,10,normal,/tmp/patchbackup/Math-10patch
Math,100,normal,/tmp/patchbackup/Math-100patch
Math,104,normal,/tmp/patchbackup/Math-104patch
Math,105,normal,/tmp/patchbackup/Math-105patch
Math,106,normal,/tmp/patchbackup/Math-106patch
Math,15,normal,/tmp/patchbackup/Math-15patch
Math,18,normal,/tmp/patchbackup/Math-18patch
Math,19,normal,/tmp/patchbackup/Math-19patch
Math,21,normal,/tmp/patchbackup/Math-21patch
Math,22,normal,/tmp/patchbackup/Math-22patch
Math,25,normal,/tmp/patchbackup/Math-25patch
Math,29,normal,/tmp/patchbackup/Math-29patch
Math,3,normal,/tmp/patchbackup/Math-3patch
Math,30,normal,/tmp/patchbackup/Math-30patch
Math,34,normal,/tmp/patchbackup/Math-34patch
Math,35,normal,/tmp/patchbackup/Math-35patch
Math,37,normal,/tmp/patchbackup/Math-37patch
Math,4,normal,/tmp/patchbackup/Math-4patch
Math,41,normal,/tmp/patchbackup/Math-41patch
Math,42,normal,/tmp/patchbackup/Math-42patch
Math,45,normal,/tmp/patchbackup/Math-45patch
Math,46,normal,/tmp/patchbackup/Math-46patch
Math,49,normal,/tmp/patchbackup/Math-49patch
Math,54,normal,/tmp/patchbackup/Math-54patch
Math,56,normal,/tmp/patchbackup/Math-56patch
Math,63,normal,/tmp/patchbackup/Math-63patch
Math,67,normal,/tmp/patchbackup/Math-67patch
Math,69,normal,/tmp/patchbackup/Math-69patch
Math,71,normal,/tmp/patchbackup/Math-71patch
Math,78,normal,/tmp/patchbackup/Math-78patch
Math,79,normal,/tmp/patchbackup/Math-79patch
Math,80,normal,/tmp/patchbackup/Math-80patch
Math,85,normal,/tmp/patchbackup/Math-85patch
Math,98,normal,/tmp/patchbackup/Math-98patch
Time,1,normal,/tmp/patchbackup/Time-1patch
Time,10,normal,/tmp/patchbackup/Time-10patch
Time,13,normal,/tmp/patchbackup/Time-13patch
Time,14,normal,/tmp/patchbackup/Time-14patch
Time,16,normal,/tmp/patchbackup/Time-16patch
Time,2,normal,/tmp/patchbackup/Time-2patch
Time,3,normal,/tmp/patchbackup/Time-3patch
Time,4,normal,/tmp/patchbackup/Time-4patch
Time,5,normal,/tmp/patchbackup/Time-5patch
Time,6,normal,/tmp/patchbackup/Time-6patch
Time,8,normal,/tmp/patchbackup/Time-8patch
