Closure,10
Closure,102
Closure,104
Closure,106
Closure,111
Closure,114
Closure,115
Closure,121
Closure,122
Closure,124
Closure,132
Closure,133
Closure,15
Closure,17
Closure,23
Closure,25
Closure,27
Closure,29
Closure,32
Closure,34
Closure,35
Closure,37
Closure,38
Closure,39
Closure,41
Closure,43
Closure,44
Closure,48
Closure,50
Closure,54
Closure,58
Closure,61
Closure,62
Closure,65
Closure,7
Closure,80
Closure,81
Closure,83
Closure,86
Closure,9
Closure,91
Closure,93
Closure,95
Closure,97
Closure,99
Lang,10
Lang,12
Lang,13
Lang,18
Lang,19
Lang,2
Lang,23
Lang,24
Lang,26
Lang,3
Lang,30
Lang,32
Lang,33
Lang,39
Lang,42
Lang,44
Lang,46
Lang,49
Lang,5
Lang,50
Lang,51
Lang,52
Lang,61
Lang,64
Lang,8
Math,102
Math,14
Math,16
Math,20
Math,21
Math,22
Math,24
Math,25
Math,27
Math,33
Math,35
Math,45
Math,52
Math,53
Math,54
Math,55
Math,57
Math,58
Math,61
Math,63
Math,64
Math,65
Math,69
Math,70
Math,72
Math,77
Math,78
Math,8
Math,80
Math,82
Math,88
Math,92
Math,99
Time,1
Time,11
Time,15
Time,16
Time,18
Time,24
Time,4
Time,7
Time,8
Time,9
